antigen_acc,linear_sequence,start,end,length
1101228B,IYWTIVKPGDILL,232,244,13
ABF83447,PKYVKQNTLKLAT,322,334,13
AAA87553,PRYVKQNTLKLAT,322,334,13
P03435,CPKYVKQNTLKLAT,322,335,14
P03451,VKILPKDRWTQH,129,140,12
AAT64805,QKLPGNDNSTATLCLGHHAVPNGTLVKTITNDQIE,17,51,35
AAT64805,LVKTITNDQIEVTNATELVQSSSTGRICDSPHRIL,41,75,35
AAT64805,CYPYDVPDYASLRSLVASSGTLEFINEDFNWT,113,144,32
AAT64805,LEFINEDFNWTGVAQDGGSYACKRGSVNSF,134,163,30
AAT64805,YACKRGSVNSFFSRLNWLHKSEYKYPALNVTMPNN,153,187,35
ABF83447,CPKYVKQNTLKLATGMRNV,321,339,19
ABF83447,YDVPDYASLRSLVASS,116,131,16
AAT64805,YPALNVTMPNNGKFDKLYIWGVHHPSTDRDQTS,177,209,33
AAT64805,HHPSTDRDQTSLYVRASGRVTVSTKRSQQTVTPNI,199,233,35
AAT64805,RSQQTVTPNIGSRPWVRGQSSRISIYWTIVKPGDIL,224,259,36
AAT64805,IYWTIVKPGDILLINSTGNLIAPRGYFKIRN,248,278,31
AAT64805,IAPRGYFKIRNGKSSIMRSDAPIGTCSSECIT,268,299,32
AAT64805,PIGTCSSECITPNGSIPNDKPFQNVNRITYGAC,289,321,33
AAT64805,QNVNRITYGACPRYVKQNTLKLATGMRNVPEKQT,311,344,34
P12589,ATGMRNVPEKQTRGIFGAIAGFIENGWEGMVD,317,348,32
P12589,AGFIENGWEGMVDGWYGFRHQNSEGTGQAADLKS,336,369,34
P12589,NSEGTGQAADLKSTQAAIDQINGKLNRLIEKTNEKFH,357,393,37
P12589,LIEKTNEKFHQIEKEFSEVEGRIQDLEKYVEDTKI,384,418,35
P12589,QDLEKYVEDTKIDLWSYNAELLVALENQHTIDLTDS,407,442,36
P12589,ENQHTIDLTDSEMNKLFEKTRKQLRENAEDMGNGCF,432,467,36
P12589,RENAEDMGNGCFKIYHKCDNACIGSIRNGTYDH,456,488,33
P12589,IGSIRNGTYDHDVYRDEALNNRFQIKGVELKSGYKD,478,513,36
P12589,KGVELKSGYKDWILWISFAISCFLLCVVLLGFIM,503,536,34
P12589,LLCVVLLGFIMWACQKGNIRCNICI,526,550,25
P03437,PKYVKQNTLKLAT,322,334,13
AAT64805,CYPYDVPDYASLRSLV,113,128,16
AAT64805,YDVPDYASLRSLVASS,116,131,16
AAT64805,YASLRSLVASSGTLEF,121,136,16
AAT64805,TSLYVRASGRVTVSTK,208,223,16
AAT64805,ASGRVTVSTKRSQQTV,214,229,16
AAT64805,VTVSTKRSQQTVTPNI,218,233,16
AAT64805,GACPRYVKQNTLKLAT,319,334,16
AAT64805,YVKQNTLKLATGMRNV,324,339,16
P12589,TNEKFHQIEKEFSEVE,388,403,16
P12589,QDLEKYVEDTKIDLWS,407,422,16
P12589,SYNAELLVALENQHTI,422,437,16
AAT64805,VPNGTLVKTITNDQIEVTNAT,36,56,21
AAT64805,CYPYDVPDYASLRSLVASS,113,131,19
AAT64805,NDKPFQNVNRITYGAC,306,321,16
ABF83447,CPKYVKQNTLKLATG,321,335,15
AAT64805,GACPRYVKQNTLKLATGMRNV,319,339,21
P12589,GRIQDLEKYVEDTKIDLWS,404,422,19
P12589,KIDLWSYNAELLVALENQHTI,417,437,21
ABF83447,CPKYVKQNTLKLATGMRNVPEKQTR,321,345,25
P03435,DYASLRSLVASSGTLEFINEGFNWTGVTQNGGSSAC,121,156,36
1101228B,PKYVKQNTLKLAT,306,318,13
P03451,KVKILPKDRWTQHTTTGG,128,145,18
0704243A,PKYVKQNTLKLAT,306,318,13
P03435,PKYVKQNTLKLAT,323,335,13
Q8V285,PKYVKQNTLKLA,306,317,12
Q8V285,PKYVKQNTLKLAT,306,318,13
Q8V285,CPKYVKQNTLKLATG,305,319,15
Q8V285,YVKQNTLKLA,308,317,10
P16997,YIKQNTLKLA,323,332,10
AAB63728,YIKQNTLKLS,308,317,10
AAB63718,YVKQNTLRLA,308,317,10
P11134,YVKQNSLKLA,308,317,10
AAC83790,YVKQNTLKVA,308,317,10
AAF16506,YVKQSTLKLA,308,317,10
AAB69802,YIKQDTLKLA,308,317,10
AAB63740,YVKQHTLKLA,308,317,10
AAB69806,YFKIHTGKSS,257,266,10
AAB69847,YGKQNTLKLA,308,317,10
AAB63727,YVKENTLKLA,308,317,10
AAB63700,YVKQDTLKLA,308,317,10
AAF16441,YVKQTTLKLA,308,317,10
P12590,SLPFQNVHPVTIGECPKYVR,306,325,20
ABI96104,ADYEELREQLSSVSSFERFE,113,132,20
CAA91082,QLSSVSSFERFEIFPKESSW,117,136,20
CAC86622,YRNLLWLTGKNGLYPNLSKS,161,180,20
AAP34324,IGNQRALYHTENAYVSVVSS,201,220,20
AAP34324,VVSSHYSRRFTPEIAKRPKV,217,236,20
P12590,IFEANGNLIAPWYAFALSRG,258,277,20
0704243A,RGYFKMRTGKSSIMRS,255,270,16
P03435,CPKYVKQNTLKLATGMRNVPEKQT,322,345,24
CAC86622,GLFGAIAGFI,344,353,10
CAC86622,VLLVSLGAI,541,549,9
O40714,PYDVPDYASLRSLVA,99,113,15
ABQ58929,QIEVTNATELVQSSSTGRIC,33,52,20
CAC86622,QLSSVSSFERFEIFPKESSW,121,140,20
AAT08000,GNLIAPRGYFKIRSGKSSIM,265,284,20
0704243A,YVKQNTLKL,308,316,9
AAP34324,DTIIFEANGNLIA,254,266,13
AAP34324,ELLVLLENERTLD,440,452,13
AAP34324,IIFEANGNLIAPW,256,268,13
AAP34324,TGLRNIPSIQSRG,332,344,13
AAP34324,SVIEKMNTQFTAV,397,409,13
AAP34324,PWYAFALSRGFGS,267,279,13
AAP34324,YAFALSRGFGSGI,269,281,13
AAP34324,SSLPFQNVHPVTI,304,316,13
ABH01004,GTLVKTITNDQIE,23,35,13
ABH01004,PDYASLRSLVASS,103,115,13
ABW80975,GTIVKTITNDQIE,39,51,13
Q8V285,CPKYVKQNTLKLATGMRNVPEKQT,305,328,24
AAP34324,IFEANGNLIAPWYAFALSRG,257,276,20
ABH00994,SACKRRSNKSFFSRLNWLTH,137,156,20
ABH00994,KSFFSRLNWLTHLKYKYPAL,145,164,20
AAP34324,NQRALYHTENAYVSVVS,203,219,17
AAP34324,GNLIAPWYAFALSRGFG,262,278,17
ABW80978,SSCKRRSNNSFFSRLNWLTH,153,172,20
ABW80978,NSFFSRLNWLTHLKFKYPAL,161,180,20
ABW80978,CPRYVKQNTLKLATGMRNVP,321,340,20
ABW80978,KIDLWSYNAELLVALENQHT,433,452,20
AAP34324,ADYEELREQLSSVSSFERFE,113,132,20
AAP34324,QLSSVSSFERFEIFPKESSW,121,140,20
ABH01004,QIEVTNATELVQSSSTGRIC,33,52,20
ABH01004,ELVQSSSTGRICDSPHQILD,41,60,20
AAP34324,EKMNTQFTAVGKE,400,412,13
AAP34324,VLLENERTLDFHD,443,455,13
AAP34324,DDGFLDIWTYNAELLVL,428,444,17
AAP34324,IWTYNAELLVLLENERT,434,450,17
AAP34324,SLGAISFWMCSNGSLQ,545,560,16
ABH01004,CYPYDVPDYASLRSLVASSG,97,116,20
ABH01004,VNRITYGACPRYVKQNTLKL,297,316,20
ABH01004,CPRYVKQNTLKLATGMRNVP,305,324,20
CAC86622,GNLIAPWYAFALSRG,262,276,15
ABE97628,KKRGLFGAIAGFIEGGW,344,360,17
AAZ74573,IGSRPRVRDIPSRISIYW,233,250,18
AAZ74573,DIPSRISIYWTIVKPGDI,241,258,18
AAZ74573,YWTIVKPGDILLINSTGNL,249,267,19
AAZ74573,YVKQNTLKLATGMRNV,324,339,16
AAZ74573,NVPEKQTRGIFGAIAGFI,338,355,18
AAZ74573,GIFGAIAGFIENGWEGMV,346,363,18
AAZ74573,SEVEGRIQDLEKYVEDTK,416,433,18
AAZ74573,GKTNEKFHQIEKEFSEV,402,418,17
ABQ58929,PRYVKQNTLKLATGM,306,320,15
AAZ74573,DQIEVTNATELVQSSSTGGI,48,67,20
AAZ74573,NVTMPNNEKFDKLYIWGV,181,198,18
AAP34324,ERFEIFPKESSWP,129,141,13
ABH01004,GRVTVSTKRSQQT,200,212,13
ABH01004,KPFQNVNRITYGA,292,304,13
ABH01004,PRYVKQNTLKLAT,306,318,13
ABH00994,GRITVSTKRSQQT,200,212,13
ABH00994,SRLNWLTHLKYKYPA,149,163,15
AAT08000,IDLWSYNAELLVAL,434,447,14
AAP34324,EQLSSVSSFERFE,120,132,13
AAP34324,SSFERFEIFPKESS,126,139,14
ABH01004,TELVQSSSTGRIC,40,52,13
ABH01004,PDYASLRSLVASSG,103,116,14
AAA43143,PKYVKQNTLKLA,306,317,12
AAP34324,RALYHTENAYVSVVS,205,219,15
AAP34324,GNLIAPWYAFALSRG,262,276,15
AAP34324,DGFLDIWTYNAELLV,429,443,15
ABH00994,KSFFSRLNWLTHLK,145,158,14
AAP34324,KYVRSAKLRMVT,321,332,12
BAA14338,YRNLVWFIKKNTRYP,161,175,15
AAW80717,LCDLDGVKPLILRDCSVAGW,57,76,20
AAW80717,DQICIGYHANNSTEQVDTIM,17,36,20
AAW80717,LSRINHFEKIQIIPKSSWSS,121,140,20
AAW80717,KNSTYPTIKRSYNNTNQEDL,169,188,20
AAW80717,GSGYAADKESTQKAIDGVTN,377,396,20
AAW80717,NAELLVLMENERTLDFHDSN,441,460,20
AAA43143,PKYVKQNTLKLAT,306,318,13
CAC86622,SVIEKMNTQFTAVGKE,397,412,16
CAC86622,QRALYHTENAYVSVVS,204,219,16
CAC86622,IIFEANGNLIAPWYAFA,256,272,17
CAC86622,TGLRNIPSIQSRGLFGAIA,332,350,19
CAC86622,ELLVLLENERTLDFHDS,440,456,17
ACP41105,ELLVLLENERTLDYHDS,441,457,17
ABF21272,LEKNVTVTHSVNLLEDS,37,53,17
ABF21272,GKSSFYRNLLWLTGKNG,156,172,17
ABF21272,GNLIAPWYAFALSRGFG,262,278,17
ABF21272,LERRMENLNKKVDDGFL,416,432,17
ABF21272,VKNLYEKVKSQLKNNAK,458,474,17
ABF21272,KVKSQLKNNAKEIGNG,464,479,16
ABF21272,KLNREKIDGVKLESMGV,510,526,17
ABF21272,YQILAIYSTVASSLVLL,527,543,17
AAZ79974,LVFAQKLPGNDNSTATL,13,29,17
AAZ79974,VQSSSTGGICDSPHQIL,59,75,17
AAZ79974,PHQILDGENCTLIDALL,71,87,17
AAZ79974,SKAYSNCYPYDVPDYAS,107,123,17
AAZ79974,PDYASLRSLVASSGTLE,119,135,17
AAZ79974,CKRRSNNSFFSRLNWLT,155,171,17
AAZ79974,SLYAQASGRITVSTKRS,209,225,17
AAZ79974,SGRITVSTKRSQQTVIP,215,231,17
AAZ79974,YWTIVKPGDILLINSTG,249,265,17
AAZ79974,PGDILLINSTGNLIAPR,255,271,17
AAZ79974,GKSSIMRSDAPIGKCNS,279,295,17
AAZ79974,GFRHQNSEGIGQAADLK,368,384,17
AAZ79974,HQIEKEFSEVEGRIQDL,409,425,17
AAZ79974,RIQDLEKYVEDTKIDLW,421,437,17
AAZ79974,KIDLWSYNAELLVALEN,433,449,17
AAZ79974,YNAELLVALENQHTIDL,439,455,17
AAZ79974,GCFKIYHKCDNACIGSI,481,497,17
AAZ79974,KDWILWISFAISCFLL,528,543,16
AAV34704,EQVDTIMEKNVTVTHAQ,30,46,17
AAV34704,YQNPTTYISVGTSTLNQ,207,223,17
AAV34704,TQKAIDGVTNKVNSIID,387,403,17
AAV34704,LQLRDNAKELGNGCFEF,470,486,17
AAZ79974,LIAPRGYFKIRSGKSSI,267,283,17
AAZ79974,YFKIRSGKSSIMRSDAP,273,289,17
AAZ79974,CPRYVKQNTLKLATGMR,321,337,17
ACX31970,RLYQNPTTYI,204,213,10
AAK38298,KLYQNPTTYI,205,214,10
ABF21272,IWTYNAELLVLLENERT,434,450,17
ABF21272,CFEFYHKCNNECMESVK,480,496,17
ABF21272,SLGAISFWMCSNGSLQ,545,560,16
ABF21272,SFWMCSNGSLQCRICI,550,565,16
AAZ79974,PNGTIVKTITNDQIEVT,37,53,17
AAZ79974,KTITNDQIEVTNATELV,43,59,17
AAZ79974,IDALLGDPQCDGFQNKK,83,99,17
AAZ79974,SGTLEFNNESFNWTGVT,131,147,17
AAZ79974,ALNVTMPNNEKFDKLYI,179,195,17
AAZ79974,PSRISIYWTIVKPGDIL,243,259,17
AAZ79974,RSDAPIGKCNSECITPN,285,301,17
AAZ79974,GKCNSECITPNGSIPND,291,307,17
AAZ79974,TRGIFGAIAGFIENGWE,344,360,17
AAZ79974,AIAGFIENGWEGMVDGW,350,366,17
AAZ79974,TQAAINQINGKLNRLIG,386,402,17
AAZ79974,NQINGKLNRLIGKTNEK,391,407,17
AAZ79974,LNRLIGKTNEKFHQIEK,397,413,17
AAZ79974,KTNEKFHQIEKEFSEVE,403,419,17
AAZ79974,DSEMNKLFERTKKQLRE,457,473,17
AAZ79974,LFERTKKQLRENAEDMG,463,479,17
AAZ79974,DVYRDEALNNRFQIKGV,505,521,17
AAZ79974,FIMWACQKGNIRCNICI,550,566,17
AAV34704,SSWSSHEASLGVSSACP,136,152,17
AAV34704,SSACPYQGKSSFFRNVV,148,164,17
AAV34704,EFFWTILKPNDAINFES,243,259,17
AAV34704,AIAGFIEGGWQGMVDGW,351,367,17
ABH01004,PIGKCNSECITPNGSIPNDK,273,292,20
1101228B,YDVPDYASLRSLVASS,100,115,16
1101228B,CPKYVKQNTLKLATGMRNV,305,323,19
ABW90125,SSACPYQGKSSFFRN,148,162,15
ABW90134,DAINFESNGNFIAPE,253,267,15
ABW90134,NGNFIAPEYAYKIVK,260,274,15
ABW90134,EYAYKIVKKGDSTIM,267,281,15
ABW90134,NIHPLTIGECPKYVK,309,323,15
AAT73274,GKSSFFRNVVWLIKK,155,169,15
ABW90134,MKSELEYGNCNTKCQ,281,295,15
ABW90134,QTPMGAINSSMPFHN,295,309,15
ACS45035,QLSSVSSFERFEIFPKTSSW,121,140,20
ACS45035,ERFEIFPKTSSWPNHDSNKG,129,148,20
ACS45035,YQNADTYVFVGSSRYSKKFK,209,228,20
ACS45035,KKFKPEIAIRPKVRDQEGRM,225,244,20
NP_859037,LFVWGIHHPPTYTEQTNLYI,185,204,20
NP_859037,NLYIRNDTTTSVTTEDLNRT,201,220,20
NP_859037,HGRILKTDLKGGNCVVQCQT,273,292,20
NP_859037,GFQHSNDQGVGMAADRDSTQ,361,380,20
NP_859037,QIQDVWAYNAELLVLLENQK,425,444,20
NP_859037,TCPKYVRVNSLKLAVGLRNV,313,332,20
NP_859037,GVGMAADRDSTQKAIDKITS,369,388,20
NP_859037,DSTQKAIDKITSKVNNIVDK,377,396,20
NP_859037,RLERQKIEGVKLESEGTYKI,505,524,20
NP_859037,ILLVVTASNADKICIGHQST,9,28,20
NP_859037,QTLRVRSNGNLIAPWYGHVL,249,268,20
NP_859037,GNLIAPWYGHVLSGGSHGRI,257,276,20
NP_859037,MINNKIDDQIQDVWAYNAEL,417,436,20
NP_859037,NAELLVLLENQKTLDEHDAN,433,452,20
NP_859037,RRKYREESRLERQKIEGVKL,497,516,20
NP_859037,GVKLESEGTYKILTIYSTVA,513,532,20
NP_859037,STVASSLVLAMGFAAFLFWA,529,548,20
NP_859037,YQRIQIFPDTTWNVTYTGTS,129,148,20
NP_859037,PPTYTEQTNLYIRNDTTTSV,193,212,20
NP_859037,GMLCATSLGHPLILDTCTIE,57,76,20
NP_859037,LNSTLPFHNISKYAFGTCPK,297,316,20
NP_859037,NISKYAFGTCPKYVRVNSLK,305,324,20
NP_859037,TIRNGTYNRRKYREESRLER,489,508,20
NP_859037,QCQTEKGGLNSTLPFHNISK,289,308,20
NP_859037,PGLVAGWYGFQHSNDQGVGM,353,372,20
ACS45035,SNVKNLYEKVRSQLKNNAKE,457,476,20
S69889,GLFGAIAGFI,345,354,10
ACP41105,VTHSVNLLEDKHNGKLCK,43,60,18
ACP41105,VLEKNVTVTHSVNLLEDK,36,53,18
ACP41105,TGMVDGWYGYHHQNEQGS,359,376,18
ACP41105,NKVNSVIEKMNTQFTAVG,394,411,18
ACP41105,ILAIYSTVASSL,530,541,12
ACP41105,WTYNAELLVLLENERTLD,436,453,18
ACP41105,ELLVLLENERTLDYHDSNVK,441,460,20
ACP41105,NLYEKVRSQLKNNAKEIGNG,461,480,20
ACP41105,IYQILAIYSTVASSLVLVVSLGA,527,549,23
ACP41105,IDYEELREQLSSVSSFERFE,113,132,20
CAC86622,MKAKLLVLLCTFTATYAD,1,18,18
CAC86622,LEDSHNGKLCLLKGIAPL,50,67,18
CAC86622,KLCLLKGIAPLQLGNCSV,57,74,18
CAC86622,IAPLQLGNCSVAGWILGN,64,81,18
CAC86622,NCSVAGWILGNPECELLI,71,88,18
CAC86622,TCYPGYFADYEELREQLS,106,123,18
CAC86622,ADYEELREQLSSVSSFER,113,130,18
CAC86622,EQLSSVSSFERFEIFPKE,120,137,18
CAC86622,SFERFEIFPKESSWPNHT,127,144,18
CAC86622,RNLLWLTGKNGLYPNLSK,162,179,18
CAC86622,GKNGLYPNLSKSYVNNKE,169,186,18
CAC86622,NLSKSYVNNKEKEVLVLW,176,193,18
CAC86622,NNKEKEVLVLWGVHHPPN,183,200,18
CAC86622,VSSHYSRRFTPEIAKRPK,218,235,18
CAC86622,RFTPEIAKRPKVRDQEGR,225,242,18
CAC86622,KRPKVRDQEGRINYYWTL,232,249,18
CAC86622,QEGRINYYWTLLEPGDTI,239,256,18
CAC86622,SRGFGSGIITSNAPMDEC,274,291,18
CAC86622,IITSNAPMDECDAKCQTP,281,298,18
CAC86622,MDECDAKCQTPQGAINSS,288,305,18
CAC86622,CQTPQGAINSSLPFQNVH,295,312,18
ABW90125,GYHANNSTEQVDTIMEKN,22,39,18
ABW90125,TEQVDTIMEKNVTVTHAQ,29,46,18
ABW90125,MEKNVTVTHAQDILEKKH,36,53,18
ABW90125,THAQDILEKKHNGKLCDL,43,60,18
ABW90125,LGNPMCDEFINVPEWSYI,78,95,18
ABW90125,EFINVPEWSYIVEKANPV,85,102,18
ABW90125,WSYIVEKANPVNDLCYPG,92,109,18
ABW90125,ANPVNDLCYPGDFNDYEE,99,116,18
ABW90134,PKSSWSSHEASLGVSSAC,134,151,18
ABW90125,HEASLGVSSACPYQGKSS,141,158,18
ABW90125,SSACPYQGKSSFFRNVVW,148,165,18
AAT73274,GKSSFFRNVVWLIKKNST,155,172,18
ABW90134,NVVWLIKKNSTYPTIKRS,162,179,18
ABW90125,KNSTYPTIKRSYNNTNQE,169,186,18
ABW90125,IKRSYNNTNQEDLLVLWG,176,193,18
ABW90125,TNQEDLLVLWGIHHPNDA,183,200,18
ABW90125,VLWGIHHPNDAAEQTKLY,190,207,18
ABW90125,PNDAAEQTKLYQNPTTYI,197,214,18
ABW90125,TKLYQNPTTYISVGTSTL,204,221,18
ABW90125,TTYISVGTSTLNQRLVPR,211,228,18
ABW90125,TSTLNQRLVPRIATRSKV,218,235,18
ABW90125,LVPRIATRSKVNGQSGRM,225,242,18
ABW90125,RSKVNGQSGRMEFFWTIL,232,249,18
ABW90125,SGRMEFFWTILKPNDAIN,239,256,18
ABW90125,WTILKPNDAINFESNGNF,246,263,18
ABW90125,DAINFESNGNFIAPEYAY,253,270,18
ABW90125,NGNFIAPEYAYKIVKKGD,260,277,18
ABW90125,EYAYKIVKKGDSTIMKSE,267,284,18
ABW90125,KKGDSTIMKSELEYGNCN,274,291,18
ABW90125,MKSELEYGNCNTKCQTPM,281,298,18
ABW90125,GNCNTKCQTPMGAINSSM,288,305,18
ABW90125,QTPMGAINSSMPFHNIHP,295,312,18
ABW90125,NSSMPFHNIHPLTIGECP,302,319,18
ABW90125,NIHPLTIGECPKYVKSNR,309,326,18
ABW90125,GECPKYVKSNRLVLATGL,316,333,18
ABW90125,KSNRLVLATGLRNSPQRE,323,340,18
AAT73274,LATGLRNSPQRERRRKKR,329,346,18
CAC86622,IGYHANNSTDTVDTVLEK,22,39,18
CAC86622,STDTVDTVLEKNVTVTHS,29,46,18
CAC86622,VLEKNVTVTHSVNLLEDS,36,53,18
CAC86622,VTHSVNLLEDSHNGKLCL,43,60,18
CAC86622,ILGNPECELLISKESWSY,78,95,18
CAC86622,ELLISKESWSYIVETPNP,85,102,18
CAC86622,SWSYIVETPNPENGTCYP,92,109,18
CAC86622,TPNPENGTCYPGYFADYE,99,116,18
CAC86622,FPKESSWPNHTVTGVSAS,134,151,18
CAC86622,PNHTVTGVSASCSHNGKS,141,158,18
CAC86622,VSASCSHNGKSSFYRNLL,148,165,18
CAC86622,NGKSSFYRNLLWLTGKNG,155,172,18
CAC86622,LVLWGVHHPPNIGDQRAL,190,207,18
CAC86622,HPPNIGDQRALYHTENAY,197,214,18
CAC86622,QRALYHTENAYVSVVSSH,204,221,18
CAC86622,ENAYVSVVSSHYSRRFTP,211,228,18
CAC86622,YWTLLEPGDTIIFEANGN,246,263,18
CAC86622,GDTIIFEANGNLIAPWYA,253,270,18
CAC86622,ANGNLIAPWYAFALSRGF,260,277,18
CAC86622,PWYAFALSRGFGSGIITS,267,284,18
CAC86622,INSSLPFQNVHPVTIGEC,302,319,18
CAC86622,QNVHPVTIGECPKYVRSA,309,326,18
CAC86622,IGECPKYVRSAKLRMVTG,316,333,18
CAC86622,VRSAKLRMVTGLRNIPSI,323,340,18
CAC86622,MVTGLRNIPSIQSRGLFG,330,347,18
ABW90125,MEKIVLLFAIVSLVKSDQ,1,18,18
ABW90125,FAIVSLVKSDQICIGYHA,8,25,18
ABW90125,KSDQICIGYHANNSTEQV,15,32,18
ABW90125,EKKHNGKLCDLDGVKPLI,50,67,18
ABW90125,LCDLDGVKPLILRDCSVA,57,74,18
ABW90125,KPLILRDCSVAGWLLGNP,64,81,18
ABW90125,CSVAGWLLGNPMCDEFIN,71,88,18
ABW90125,CYPGDFNDYEELKHLLSR,106,123,18
ABW90125,DYEELKHLLSRINHFEKI,113,130,18
ABW90134,LLSRINHFEKIQIIPKSS,120,137,18
ABW90134,FEKIQIIPKSSWSSHEAS,127,144,18
CAC86622,LLCTFTATYADTICIGYH,8,25,18
CAC86622,TYADTICIGYHANNSTDT,15,32,18
P03452,SFERFEIFPKE,127,137,11
AAA43678,TYNAELLVLMENERTLDFHD,433,452,20
AAA43678,MGVYQILAIYATVAGSLSLA,521,540,20
AAA43678,MWDTINFESTGNLIAPEYGF,249,268,20
AAA43678,IESRGLFGAIAGFIEGGWQG,337,356,20
AAA43678,CYPGSFNDYEELKHLLSSVK,105,124,20
AAA43678,EDGFLDVWTYNAELLVLMEN,425,444,20
AAA43678,YEELKHLLSSVKHFEKVKIL,113,132,20
AAA43678,SSVKHFEKVKILPKDRWTQH,121,140,20
AAA43678,EYGFKISKRGSSGIMKTEGT,265,284,20
AAA43678,IGECPKYVKSEKLVLATGLR,313,332,20
AAA43678,DKESTQKAFDGITNKVNSVI,377,396,20
AAA43678,NSVIEKMNTQFEAVGKEFSN,393,412,20
AAA43678,STGNLIAPEYGFKISKRGSS,257,276,20
ABE97628,KKRGLFGAIAGFIEGGWQGMV,344,364,21
ABE97628,FRNVVWLIKKNSTYPTIK,160,177,18
ABE97628,TYNAELLVLMENERTLDF,439,456,18
AAA43678,FDGITNKVNSVIEKMNTQFE,385,404,20
ACV41482,MTIIFLILM,1,9,9
CAC86622,FIEGGWTGMVDGWYGYH,352,368,17
CAC86622,IQSRGLFGAIAGFIEGG,340,356,17
AAV34704,KRGLFGAIAGFIEGGWQ,345,361,17
P03451,SRGLFGAIAGFIEGGWQ,339,355,17
AAZ79974,NVPEKQTRGIFGAIAGF,338,354,17
ACP44189,EITNKVNSVIEKMNTQFTAV,391,410,20
ACJ25168,NKVNSVIEKMNTQFT,393,407,15
YP_163735,QLSSVSSFERFEIFP,104,118,15
AAB29091,ATGLRNIPSIQSRGL,332,346,15
AAB29091,RNIPSIQSRGLFGAI,336,350,15
AAB29091,YQILAIYSTVASSLV,528,542,15
AAB29091,STVASSLVLLVSLGA,535,549,15
AAB29091,GAISFWMCSNGSLQC,548,562,15
YP_163735,VLEKNVTVTHSVNLL,19,33,15
ABF71860,LVLLENERTLDYHDS,443,457,15
AAB29091,IYQILAIYSTVASSL,527,541,15
CAC86622,DGFLDIWTYNAELLV,429,443,15
ABF71860,YNAELLVLLENERTL,438,452,15
ACQ76318,MKAILVVLLYTFATANADTL,1,20,20
ACP44189,YQNADAYVFVGSSRYSKKFK,209,228,20
ACQ76318,FVGSSRYSKKFKPEIAIRPK,217,236,20
ACQ76318,KKFKPEIAIRPKVRDQEGRM,225,244,20
ACQ76318,EGRMNYYWTLVEPGDKITFE,241,260,20
ACQ76318,EKMNTQFTAVGKEFNHLEKR,401,420,20
ACQ76318,AVGKEFNHLEKRIENLNKKV,409,428,20
ACQ76318,LDIWTYNAELLVLLENERTL,433,452,20
ACQ76318,ELLVLLENERTLDYHDSNVK,441,460,20
ACQ76318,QLSSVSSFERFEIFPKTSSW,121,140,20
ACQ76318,FYKNLIWLVKKGNSYPKLSK,161,180,20
ACQ76318,TLVEPGDKITFEATGNLVVP,249,268,20
ACQ76318,ITFEATGNLVVPRYAFAMER,257,276,20
ACQ76318,LRLATGLRNIPSIQSRGLFG,329,348,20
ACQ76318,LVVPRYAFAMERNAGSGIII,265,284,20
ACD37430,DQEGRINYYWTLLEPGD,238,254,17
ACD37430,IGECPKYVRSAKLRMVT,316,332,17
ACD37430,YVRSAKLRMVTGLRNIP,322,338,17
ACD37430,LRNIPSIQSRGLFGAIA,334,350,17
ACD37430,LERRMENLNKKVDDGFL,416,432,17
ABW80978,QQTVIPNIGSRPRIRNIPSR,226,245,20
0704243A,KYVKQNTLKLAT,307,318,12
CAC86622,SSFERFEIFPKESSWPN,126,142,17
ACQ76318,IDYEELREQLSSVSSFERFE,113,132,20
ACQ76318,ERFEIFPKTSSWPNHDSNKG,129,148,20
ACQ76318,TSLPFQNIHPITIGKCPKYV,305,324,20
ACQ76318,HPITIGKCPKYVKSTKLRLA,313,332,20
ACQ76318,PKYVKSTKLRLATGLRNIPS,321,340,20
ACQ76318,TNKVNSVIEKMNTQFTAVGK,393,412,20
ACQ76318,SNVKNLYEKVRSQLKNNAKE,457,476,20
ACQ76318,KVRSQLKNNAKEIGNGCFEF,465,484,20
ACQ76318,NREEIDGVKLESTRIYQILA,513,532,20
ACQ76318,KLESTRIYQILAIYSTVASS,521,540,20
ACD37430,IQSRGLFGAIAGFIEGG,340,356,17
ACD37430,VIEKMNTQFTAVGKEFN,398,414,17
ACD37430,TQFTAVGKEFNKLERRM,404,420,17
ACD37430,GKEFNKLERRMENLNKK,410,426,17
P03438,PKYVKQNTLKLAT,322,334,13
AAA79714,IDGVKLESMGVYQILAIYSTVASSL,516,540,25
ACQ76318,MKAILVVLLYTFATAN,1,16,16
ACP41105,RFEIFPKTSSWPNHDSNKG,130,148,19
ADM14885,FGAIAGFIEGGWTGMVDGWY,347,366,20
ACD85773,GIINSNAPMDECDAKCQTPQ,280,299,20
CAA91082,CPKYVRSAKLRMVTGLRNIPS,315,335,21
AEO01642,QASGRITVSTKRSQQTVI,213,230,18
ACQ76318,VDTVLEKNVTVTHSVNLLED,33,52,20
ACQ76318,KLCKLRGVAPLHLGKCNIAG,57,76,20
ABH00994,PRYVKQNTLKLAT,306,318,13
ACP44189,SVIEKMNTQFTAV,398,410,13
CAA91082,HNTNGVTAACSHE,139,151,13
P12582,PKYVKQNTLKLAT,306,318,13
AHZ60096,AGFIENGWEGLIDGWYG,346,362,17
1101228B,ACPKYVKQNTLKLATG,304,319,16
P12589,PRYVKQNTLKLAT,306,318,13
AHZ60096,VGKCPRYVKQRSLLLAT,311,327,17
AHZ60096,RYVKQRSLLLATGMKNV,316,332,17
AHZ60096,RSLLLATGMKNVPEIPK,321,337,17
AHZ60096,QNAQGEGTAADYKSTQS,366,382,17
AHZ60096,EGTAADYKSTQSAIDQI,371,387,17
AHZ60096,DYKSTQSAIDQITGKLN,376,392,17
AHZ60096,QSAIDQITGKLNRLIEK,381,397,17
AHZ60096,WSYNAELLVAMENQHTI,431,447,17
AHZ60096,ELLVAMENQHTIDLADS,436,452,17
AHZ60096,MENQHTIDLADSEMDKL,441,457,17
AHZ60096,TIDLADSEMDKLYERVK,446,462,17
BAA02767,NKLERRMENLNKKVDDGF,108,125,18
AHZ60096,ATGMKNVPEIPKGRGLF,326,342,17
AHZ60096,NVPEIPKGRGLFGAIAG,331,347,17
AHZ60096,PKGRGLFGAIAGFIENG,336,352,17
AHZ60096,LFGAIAGFIENGWEGLI,341,357,17
AHZ60096,QITGKLNRLIEKTNQQF,386,402,17
AHZ60096,LNRLIEKTNQQFELIDN,391,407,17
AHZ60096,NWTRDSITEVWSYNAEL,421,437,17
AHZ60096,SITEVWSYNAELLVAME,426,442,17
AHZ60096,DSEMDKLYERVKRQLRE,451,467,17
AHZ60096,KLYERVKRQLRENAEED,456,472,17
AHZ60096,VKRQLRENAEEDGTGCF,461,477,17
AHZ60096,NGWEGLIDGWYGFRHQN,351,367,17
AHZ60096,LIDGWYGFRHQNAQGEG,356,372,17
AHZ60096,YGFRHQNAQGEGTAADY,361,377,17
AGL44438,YAEMKWLLSNTDNAAFPQ,155,172,18
AGB08328,PRYVKQSTLKLATG,322,335,14
P12589,PRYVKQNTLKLATG,306,319,14
AAC32099,PKYVKSNRLVLATG,319,332,14
AGL44438,RIDFHWLMLNPNDTVTFS,238,255,18
AGL44438,PRYVKQRSLLLATG,315,328,14
ACP41105,PKYVKSTKLRLATG,321,334,14
AGL44438,DKLYERVKRQLRENAEED,455,472,18
P03437,CYPYDVPDYASLRSLVASSG,113,132,20
P18875,TNKVNSVIEKMNTQFTAVGK,393,412,20
AFM72832,LVVPRYAFAMERNAGSGIII,265,284,20
AGB08328,CPRYVKQSTLKLATGMRNVP,321,340,20
0704243A,ACPKYVKQNTLKLATG,304,319,16
YP_009121768,VTVTHSVNLLEDKHN,24,38,15
YP_009121768,YQNADAYVFVGSSRY,192,206,15
YP_009121768,ATGNLVVPRYAFAME,244,258,15
YP_009121768,AMERNAGSGIIISDT,256,270,15
YP_009121768,PKYVKSTKLRLATGL,304,318,15
AAA58801,STDTVDTVLEKNVTVTHSVNL,17,37,21
AXE74498,KVNSVIEKMNTQFTAVGKEF,396,415,20
YP_009121768,LRLATGLRNIPSIQS,312,326,15
YP_009121767,TYNAELLVLLENERT,93,107,15
YP_009121767,IDGVKLESTRIYQIL,173,187,15
YP_009121767,KLESTRIYQILAIYS,177,191,15
ACR54994,ERNAGSGIIISDT,275,287,13
ABF21272,YPGYFADYEELREQLSS,108,124,17
ABQ10137,YPGYFADYEELREQLSS,97,113,17
ABQ10137,PENGTCYPGYFADYEEL,91,107,17
ABQ10137,DQEGRINYYWTLLEPGD,227,243,17
ABQ10137,GIITSNAPMDECDAKCQ,269,285,17
QDA02031,IWTYNAELLVLLENERT,436,452,17
ACD37430,ELLVLLENERTLDFHDS,440,456,17
ACD37430,DFHDSNVKNLYEKVKSQ,452,468,17
ACD37430,FIEGGWTGMVDGWYGYH,352,368,17
ACD37430,DDGFLDIWTYNAELLVL,428,444,17
ACD37430,KLNREKIDGVKLESMGV,510,526,17
ABQ10137,DYEELREQLSSVSSFER,103,119,17
ABQ10137,EQLSSVSSFERFEIFPK,109,125,17
ABQ10137,SRGFGSGIITSNAPMDE,263,279,17
ABQ10137,EKEVLVLWGVHHPPNIG,175,191,17
ABQ10137,KESWSYIVETPNPENGT,79,95,17
ADU02154,TLVEPGDKITFEATGNLVVP,249,268,20
AAS65615,TVTHAQDILEKTHNGKLCDL,44,63,20
AAS65615,PNDAINFESNGNFIAPEYAY,254,273,20
AAA43143,YVKQNTLKL,308,316,9
AAS65615,VKNLYDKVRLQLRDNAKELG,464,483,20
AAS65615,NTKCQTPMGAINSSMPFHNI,294,313,20
ACP41953,AFAMERNAGSGIIIS,271,285,15
ACP41953,LVEPGDKITFEATGN,250,264,15
ACP41953,MERNAGSGIIISDTP,274,288,15
ACU79926,TYPVLNVTM,176,184,9
P03452,AELLVLLENERTLDFHDS,439,456,18
P03452,LENERTLDFHDSNVKNLY,445,462,18
AAA43143,VPDYASLRSLVASSG,102,116,15
P03452,LENERTLDF,445,453,9
YP_009118626,AMERNAGSGIIISDT,273,287,15
YP_009118626,LRLATGLRNIPSIQS,329,343,15
YP_009118626,TYNAELLVLLENERT,437,451,15
YP_009118626,VTVTHSVNLLEDKHN,41,55,15
YP_009118626,YQNADAYVFVGSSRY,209,223,15
YP_009118626,ATGNLVVPRYAFAME,261,275,15
YP_009118626,PKYVKSTKLRLATGL,321,335,15
P03452,GIAPLQLGK,63,71,9
O40714,PRYVKQNTLKLAT,306,318,13
P03452,GLFGAIAGFI,344,353,10
QGK85616,RLYQNPTTYI,205,214,10
P03452,RTLDFHDSNVK,449,459,11
P03452,VLLVSLGAI,541,549,9
ABD62843,VTAACSHAGK,149,158,10
ABW89589,KLYQNPTTYI,205,214,10
WII96654,GIHHPSNSK,177,185,9
