0,,,,,Clear {loc}
1,,,,,Partly Cloudy {loc}
2,,,,,Cloudy {loc}
3,,,,,Very Cloudy {loc}
4,,,,,Overcast {loc}
5,,,,,Variable {loc}
6,,,,,Hazy {loc}
10,,,,,Sand {loc}
15,,,,,Downpour {loc}
30,,,,,Mist/Fog {loc}
31,,,,,Mist {loc}
32,,,,,Fog {loc}
33,,,,,Dense Fog {loc}
38,,,,,Freezing Fog {loc}
39,,,,,Dense Freezing Fog {loc}
40,,,,,Rain {loc}
49,,,,,Freezing Rain {loc}
50,,,,,Rain {loc}
51,,,,,Rain {loc}
52,,,,,Rain {loc}
53,,,,,Heavy Rain {loc}
58,,,,,Mixed Rain and Snow {locSnow}
59,,,,,Freezing Rain {loc}
60,,,,,Snow {locNeige}
61,,,,,Snow {locNeige}
62,,,,,Snow {locNeige}
63,,,,,Heavy snow {locNeige}
70,,,,,Showers {loc}
71,,,,,Rare showers {loc}
72,,,,,Rare showers with open skies {loc}
73,,,,,Showers with overcast skies {loc}
77,,,,,Mixed rain and snow showers {locNeige}
78,,,,,Rain and snow showers mixed with cloudy weather {locNeige}
80,,,,,Snowfall {locNeige}
81,,,,,Rare snowfall {locNeige}
82,,,,,Rare snowfall with overcast weather {locNeige}
83,,,,,Snow showers with overcast {locNeige}
84,,,,,Sleet showers {locOrages}
85,,,,,Hail showers {locOrages}
90,,,,,Thunderstorms {locOrages}
91,,,,,Possible thunderstorms {locOrages}
92,,,,,Thunderstorm showers {locOrages}
93,,,,,Thunderstorms with rain {locOrages}
97,,,,,Thunderstorms with snow {locOrages}
98,,,,,Thunderstorms with hail {locOrages}
99,,,,,Heavy thunderstorms {locOrages}
32,33,,,,"Fog, sometimes dense {loc}"
32,38,,,,"Fog, sometimes icing {loc}"
32,39,,,,"Fog, sometimes dense and icy {loc}"
33,38,,,,Dense or icing fog {loc}
33,39,,,,Dense fog sometimes icing {loc}
38,39,,,,Sometimes dense icing fog {loc}
30,32,,,,Fog {loc}
30,33,,,,"Fog, sometimes dense {loc}"
30,38,,,,"Fog, sometimes icing {loc}"
30,39,,,,"Fog, sometimes dense and icy {loc}"
40,49,,,,"Rain, sometimes freezing {loc}"
49,"(50, 51, 52, 53)",,,,"Rain, sometimes freezing {loc}"
49,59,,,,Freezing precipitation {loc}
40,"(50, 51, 52)",,,,Rain {loc}
"(40, 50, 51, 52)",53,,,,"Rain, sometimes heavy {loc}"
"(50, 51)","(51, 52)",,,,Rain {loc}
"(50, 51, 52, 53)",58,,,,"Rain, sometimes mixed with snow {locNeige}"
"(50, 51, 52, 53)",59,,,,"Rain, sometimes freezing {loc}"
"(50, 51, 52, 53)","(70, 71, 72, 73)",,,,Rainy Passages {loc}
58,"(60, 61, 62, 63)",,,,Snow predominant {locNeige}
"(60, 61)","(61, 62)",,,,Snow {locNeige}
"(60, 61, 62)",63,,,,Sometimes heavy snow {locNeige}
"(60, 61, 62, 63)","(80, 81, 82, 83)",,,,Snowy episodes {locNeige}
70,"(71, 72, 73)",,,,Showers {loc}
71,72,,,,Rare showers {loc}
71,73,,,,Showers {loc}
72,73,,,,Showers with overcast skies {loc}
"(70, 71, 72, 73)","(77, 78)",,,,"Showers, sometimes mixed with snow {locNeige}"
77,78,,,,Showers mixed with snow {locNeige}
80,"(81, 82, 83)",,,,Snowfall {locNeige}
82,83,,,,Snowfall {locNeige}
70,"(80, 81, 82, 83)",,,,"Showers, sometimes snowy {locNeige}"
71,"(80, 83)",,,,"Showers, sometimes snowy {locNeige}"
"(71, 72)","(81, 82)",,,,"Rare showers, sometimes snowy {locNeige}"
73,"(80, 81)",,,,"Showers, sometimes snowy {locNeige}"
73,"(82, 83)",,,,"Showers with overcast, sometimes snowy {locNeige}"
84,85,,,,Hail or sleet showers {locOrages}
"(70, 71, 72, 73)",92,,,,"Showers, sometimes thunderstorms {locOrages}"
84,92,,,,"Hail showers, sometimes thundery {locOrages}"
85,92,,,,Thunderstorms with risk of hail {locOrages}
85,98,,,,Thunderstorms and showers with hail {locOrages}
"(90, 91)",92,,,,Thunderstorms and thundershowers {locOrages}
"(90, 91)",93,,,,"Thunderstorms, sometimes with rain {locOrages}"
"(90, 91)",97,,,,"Thunderstorms, sometimes with snow {locOrages}"
93,98,,,,Thunderstorms with rain and hail {locOrages}
93,99,,,,"Thunderstorms, sometimes heavy with rain {locOrages}"
97,99,,,,"Thunderstorms, sometimes heavy with snow {locOrages}"
98,99,,,,Heavy thunderstorms with risk of hail {locOrages}
"(50, 51)","(60, 61)",,,,"Precipitation, sometimes snowy {locNeige}"
52,62,,,,"Precipitation, sometimes snowy {locNeige}"
53,63,,,,"Heavy rainfall, sometimes snowy {locNeige}"
"(40, 50, 51, 52, 53)","(80, 81, 82, 83)",,,,"Precipitation, sometimes snowy {locNeige}"
"(40, 50, 51, 52, 53)","(90, 91, 93)",,,,"Rain, and thunderstorms {locOrages}"
"(40, 50, 51, 52, 53)",98,,,,"Rain, and thunderstorms with hail {locOrages}"
"(40, 50, 51, 52, 53)",99,,,,Heavy rain and thunderstorms {locOrages}
"(60, 61, 62, 63)","(70, 71, 72, 73)",,,,"Precipitation, sometimes snowy {locNeige}"
"(60, 61, 62, 63)","(90, 91, 97)",,,,"Precipitation sometimes thundery {locOrages}, and snowy passages {locNeige}"
"(60, 61, 62, 63)",98,,,,"Thundery mudslides {locOrages}, and snowdrifts {locNeige}"
"(60, 61, 62, 63)",99,,,,"Heavy thunderstorms {locOrages}, and snowy passages {locNeige}"
"(70, 71, 72, 73)","(90, 91, 93)",,,,"Showers, and thunderstorms {locOrages}"
"(70, 71, 72, 73)",98,,,,"Showers, and thunderstorms with hail {locOrages}"
"(70, 71, 72, 73)",99,,,,Heavy thunderstorms and showers {locOrages}
"(80, 81, 82, 83)","(90, 91, 97)",,,,"Thunderstorms {locOrages}, and snowy passages {locNeige}"
"(80, 81, 82, 83)",98,,,,"Thundery mudslides {locOrages}, and snowdrifts {locNeige}"
"(80, 81, 82, 83)",99,,,,"Heavy thunderstorms {locOrages}, and snowy passages {locNeige}"
31,32,33,,,"Foggy weather with fog, sometimes dense {loc}"
31,32,38,,,"Foggy weather with fog, sometimes icing {loc}"
31,32,39,,,"Foggy weather with fog, sometimes dense and icing {loc}"
32,33,38,,,"Fog, sometimes dense or icy {loc}"
32,33,39,,,"Fog, sometimes dense and icy {loc}"
32,38,39,,,"Fog, sometimes icy and dense {loc}"
33,38,39,,,Dense or icing fog {loc}
30,32,33,,,"Fog, sometimes dense {loc}"
30,32,38,,,"Fog, sometimes icing {loc}"
30,32,39,,,"Fog, sometimes dense and icy {loc}"
30,33,38,,,Dense or icing fog {loc}
30,33,39,,,Dense fog sometimes icing {loc}
30,38,39,,,Sometimes dense icing fog {loc}
"(40, 50, 51)","(50, 51, 52)",53,,,"Rain, sometimes heavy {loc}"
31,32,33,"(38, 39)",,"Foggy weather with fog, sometimes dense or icing {loc}"
31,33,38,39,,"Foggy weather with fog, sometimes dense and icing {loc}"
32,33,38,39,,"Fog, sometimes dense or icy {loc}"
30,32,33,38,,"Fog, sometimes dense or icy {loc}"
30,32,33,39,,"Fog, sometimes dense and icy {loc}"
30,32,38,39,,"Fog, sometimes icy and dense {loc}"
30,33,38,39,,Dense or icing fog {loc}
"(40, 50)","(50, 51)","(51, 52)",53,,"Rain, sometimes heavy {loc}"
31,32,33,38,39,"Foggy weather with fog, sometimes dense or icing {loc}"
30,32,33,38,39,"Fog, sometimes dense or icy {loc}"
A1,,,,,Rain {loc}
A2,,,,,Snow {locNeige}
A3,,,,,Showers {loc}
A4,,,,,Snowfall {locNeige}
A5,,,,,Stormy weather {locOrages}
A1,A2,,,,"Precipitation, sometimes snowy {locNeige}"
A1,A3,,,,Rainy Passages {loc}
A1,A4,,,,"Rain, and snowshowers {locNeige}"
A1,A5,,,,"Rain, and thunderstorms {locOrages}"
A1,B1,,,,Sometimes freezing rain {loc}
A1,B2,,,,Rain and sleet showers {locOrages}
A1,B3,,,,"Rain, and hail showers {locOrages}"
A1,B4,,,,"Rain, and thunderstorms with hail {locOrages}"
A1,B5,,,,Heavy rain and thunderstorms {locOrages}
A2,A3,,,,"Precipitation, sometimes snowy {locNeige}"
A2,A4,,,,Snowy episodes {locNeige}
A2,A5,,,,"Thunderstorms {locOrages}, and snowy passages {locNeige}"
A2,B1,,,,"Freezing precipitation, and snow {locNeige}"
A2,B2,,,,"Sleet showers {locOrages}, and snow {locNeige}"
A2,B3,,,,"Hail showers {locOrages}, and snow {locNeige}"
A2,B4,,,,"Thunderstorm hail {locOrages}, and snow {locNeige}"
A2,B5,,,,"Heavy thunderstorms {locOrages}, and snow {locNeige}"
A3,A4,,,,"Showers, sometimes snowy {locNeige}"
A3,A5,,,,"Showers, thunderstorms  {locOrages}"
A3,B1,,,,"Freezing precipitation, and showers {loc}"
A3,B2,,,,"Showers, sometimes with frost {locOrages}"
A3,B3,,,,"Showers, with risk of hail {locOrages}"
A3,B4,,,,"Showers, and thunderstorms with hail {locOrages}"
A3,B5,,,,Heavy thunderstorms and showers {locOrages}
A4,A5,,,,"Thunderstorms {locOrages}, and snowy passages {locNeige}"
A4,B1,,,,"Freezing precipitation, and snow {locNeige}"
A4,B2,,,,Snow-covered Snowpack {loc}
A4,B3,,,,Heavy snowpack {loc}
A4,B4,,,,"Thunderstorms {locOrages}, and snowdrifts {locNeige}"
A4,B5,,,,"Heavy thunderstorms {locOrages}, and snowshowers {locNeige}"
A5,B1,,,,"Freezing precipitation, and thunderstorms {locOrages}"
A5,B2,,,,Thunderstorms and sleet showers {locOrages}
A5,B3,,,,Thunderstorms and hail showers {locOrages}
A5,B4,,,,Thunderstorm with possible hail {locOrages}
A5,B5,,,,"Thunderstorms, sometimes violent {locOrages}"
A1,A2,A3,,,"Precipitation, sometimes snowy {locNeige}"
A1,A2,A4,,,"Precipitation, sometimes snowy {locNeige}"
A1,A2,A5,,,"Thunderstorms {locOrages}, and precipitation, sometimes snowy {locNeige}"
A1,A2,B1,,,"Freezing precipitation, and snow {locNeige}"
A1,A2,B2,,,"Precipitation, with risk of hail {locOrages}, and in snowy form {locNeige}"
A1,A2,B3,,,"Precipitation, with risk of hail {locOrages}, and in snowy form {locNeige}"
A1,A2,B4,,,"Thunderstorm hail {locOrages}, rain, mixed with snow {locNeige}"
A1,A2,B5,,,"Violent thunderstorms {locOrages}, rain, mixed with snow {locNeige}"
A1,A3,A4,,,"Showers, mixed with snow {locNeige}"
A1,A3,A5,,,Rainy weather with thunderstorms {locOrages}
A1,A3,B1,,,"Precipitation, sometimes freezing {loc}"
A1,A3,B2,,,Rainy weather with thundershowers {locOrages}
A1,A3,B3,,,Rainy with some hail {locOrages}
A1,A3,B4,,,Rainy weather with hailstorms {locOrages}
A1,A3,B5,,,Rainy weather with heavy thunderstorms {locOrages}
A1,A4,A5,,,"Thunderstorms {locOrages}, and precipitation, sometimes mixed with snow {locNeige}"
A1,A4,B1,,,"Precipitation, sometimes freezing, and snowy passages {locNeige}"
A1,A4,B2,,,"Precipitation, with risk of ice-cream {locOrages}, and snowy passages {locNeige}"
A1,A4,B3,,,"Precipitation, with risk of hail {locOrages}, and snowy passages {locNeige}"
A1,A4,B4,,,"Thunderstorms with hail {locOrages}, and precipitation, sometimes snowy {locNeige}"
A1,A4,B5,,,"Heavy thunderstorms {locOrages}, and precipitation, sometimes snowy {locNeige}"
A1,A5,B1,,,"Sometimes freezing rain, and thunderstorms {locOrages}"
A1,A5,B2,,,"Rain, and thunderstorms with risk of ice-storm {locOrages}"
A1,A5,B3,,,"Rain, and thunderstorms with risk of hail {locOrages}"
A1,A5,B4,,,"Rain, and thunderstorms with risk of hail {locOrages}"
A1,A5,B5,,,"Rain, and sometimes violent thunderstorms {locOrages}"
A1,B1,B2,,,"Rain, sometimes freezing, and snowfall {locOrages}"
A1,B1,B3,,,"Rain, sometimes freezing, and hail {locOrages}"
A1,B1,B4,,,"Rain, sometimes freezing, and hail storms {locOrages}"
A1,B1,B5,,,"Rain, sometimes freezing, and heavy thunderstorms {locOrages}"
A1,B2,B3,,,"Rain, with hail and sleet showers {locOrages}"
A1,B2,B4,,,"Rain, with thunderstorms and hailstorms {locOrages}"
A1,B2,B5,,,"Rain, with thunderstorms and hailstorms {locOrages}"
A1,B3,B4,,,"Rain, with showers and hailstorms {locOrages}"
A1,B3,B5,,,"Rain, with hail showers and heavy thunderstorms {locOrages}"
A1,B4,B5,,,"Rain, with heavy thunderstorms with risk of hail {locOrages}"
A2,A3,A4,,,"Precipitation, sometimes snowy {locNeige}"
A2,A3,A5,,,"Thunderstorms {locOrages}, and precipitation, sometimes snowy {locNeige}"
A2,A3,B1,,,"Precipitation, sometimes freezing, and snowy {locNeige}"
A2,A3,B2,,,"Showers, Possibility of Sleet {locOrages}, and Snowy Passages {locNeige}"
A2,A3,B3,,,"Showers, hail {locOrages}, and snowy passages {locNeige}"
A2,A3,B4,,,"Thundery mudslides {locOrages}, and snowdrifts {locNeige}"
A2,A3,B5,,,"Violent thunderstorms {locOrages}, and snowy passages {locNeige}"
A2,A4,A5,,,"Thunderstorms {locOrages}, and precipitation, sometimes snowy {locNeige}"
A2,A4,B1,,,"Precipitation, sometimes freezing, and snowy {locNeige}"
A2,A4,B2,,,"Sleet showers {locOrages}, and snowy passages {locNeige}"
A2,A4,B3,,,"Hail {locOrages}, and snow passages {locNeige}"
A2,A4,B4,,,"Thundery mudslides {locOrages}, and snowdrifts {locNeige}"
A2,A4,B5,,,"Violent thunderstorms {locOrages}, and snowy passages {locNeige}"
A2,A5,B1,,,"Thunderstorms {locOrages}, freezing precipitation, and snowy passages {locNeige}"
A2,A5,B2,,,"Thundery mudslides {locOrages}, and snowdrifts {locNeige}"
A2,A5,B3,,,"Strong thunderstorms {locOrages}, and snowy passages {locNeige}"
A2,A5,B4,,,"Strong thunderstorms {locOrages}, and snowy passages {locNeige}"
A2,A5,B5,,,"Heavy thunderstorms {locOrages}, and snowy passages {locNeige}"
A2,B1,B2,,,"Precipitation, sometimes freezing or with ice {locOrages}, and in snowy form {locNeige}"
A2,B1,B3,,,"Precipitation, sometimes freezing or with hail {locOrages}, and in snowy form {locNeige}"
A2,B1,B4,,,"Freezing rain, thunderstorms {locOrages}, and snowy passages {locNeige}"
A2,B1,B5,,,"Heavy thunderstorms {locOrages}, freezing precipitation, and snowy passages {locNeige}"
A2,B2,B3,,,"Thundery mudslides {locOrages}, and snowdrifts {locNeige}"
A2,B2,B4,,,"Thundery mudslides {locOrages}, and snowdrifts {locNeige}"
A2,B2,B5,,,"Heavy thunderstorms with occasional hail {locOrages}, and snowy passages {locNeige}"
A2,B3,B4,,,"Strong thunderstorms {locOrages}, and snowy passages {locNeige}"
A2,B3,B5,,,"Heavy thunderstorms with risk of hail {locOrages}, and snowy passages {locNeige}"
A2,B4,B5,,,"Thunderstorms {locOrages}, and sometimes snowy precipitation {locNeige}"
A3,A4,A5,,,"Thunderstorms {locOrages}, and sometimes snowy showers {locNeige}"
A3,A4,B1,,,"Precipitation, sometimes freezing, and in the form of snow {locNeige}"
A3,A4,B2,,,"Showers, with risk of hail {locOrages}, and snowy passages {locNeige}"
A3,A4,B3,,,"Showers, with risk of hail {locOrages}, and snowy passages {locNeige}"
A3,A4,B4,,,"Thunderstorms with hail {locOrages}, and showers, sometimes snowy {locNeige}"
A3,A4,B5,,,"Heavy thunderstorms {locOrages}, and showers, sometimes snowy {locNeige}"
A3,A5,B1,,,"Precipitation, sometimes freezing, and thunderstorms {locOrages}"
A3,A5,B2,,,"Showers, Possibility of Ice Cream, and Thunderstorms {locOrages}"
A3,A5,B3,,,"Showers, hail and thunderstorms {locOrages}"
A3,A5,B4,,,"Showers, and thunderstorms, with risk of hail {locOrages}"
A3,A5,B5,,,"Showers, and thunderstorms, sometimes violent {locOrages}"
A3,B1,B2,,,"Precipitation, sometimes freezing, and snowfall {locOrages}"
A3,B1,B3,,,"Precipitation, sometimes freezing, and hail {locOrages}"
A3,B1,B4,,,"Precipitation, sometimes freezing, and thunderstorms with hail {locOrages}"
A3,B1,B5,,,"Precipitation, sometimes freezing, and heavy thunderstorms {locOrages}"
A3,B2,B3,,,"Showers, with risk of hail or sleet {locOrages}"
A3,B2,B4,,,"Showers, Possibility of Ice Cream, and Thunderstorms with Hail {locOrages}"
A3,B2,B5,,,"Showers, Risk of Ice Cream, and Heavy Thunderstorms {locOrages}"
A3,B3,B4,,,"Showers, and thunderstorms with hail {locOrages}"
A3,B3,B5,,,"Showers, hail risk, and heavy thunderstorms {locOrages}"
A3,B4,B5,,,"Heavy thunderstorms, with risk of hail {locOrages}"
A4,A5,B1,,,"Thunderstorms {locOrages}, freezing precipitation, and snowshowers {locNeige}"
A4,A5,B2,,,"Thunderstorms {locOrages}, risk of hailstorms and snowfalls {locNeige}"
A4,A5,B3,,,"Thunderstorms {locOrages}, risk of hail, and snowfalls {locNeige}"
A4,A5,B4,,,"Thunderstorms {locOrages}, risk of hail, and snowfalls {locNeige}"
A4,A5,B5,,,"Thunderstorms {locOrages}, sometimes violent, and snowshowers {locNeige}"
A4,B1,B2,,,"Precipitation, sometimes freezing or with ice {locOrages}, and in snowy form {locNeige}"
A4,B1,B3,,,"Precipitation, sometimes freezing or with hail {locOrages}, and in snowy form {locNeige}"
A4,B1,B4,,,"Thunderstorms with hail {locOrages}, freezing precipitation, and snowy passages {locNeige}"
A4,B1,B5,,,"Heavy thunderstorms {locOrages}, freezing precipitation, and snowy passages {locNeige}"
A4,B2,B3,,,"Showers, with the risk of hail or sleet {locOrages}, and in snowy form {locNeige}"
A4,B2,B4,,,"Thunderstorm overspending {locOrages}, and snowfall {locNeige}"
A4,B2,B5,,,"Violent thunderstorms {locOrages}, and snowfalls {locNeige}"
A4,B3,B4,,,"Thunderstorm overspending {locOrages}, and snowfall {locNeige}"
A4,B3,B5,,,"Violent thunderstorms {locOrages}, and snowfalls {locNeige}"
A4,B4,B5,,,"Violent thunderstorms {locOrages}, and snowfalls {locNeige}"
A5,B1,B2,,,"Freezing precipitation, and thunderstorms, with risk of ice-storm {locOrages}"
A5,B1,B3,,,"Freezing precipitation, and thunderstorms, with risk of hail {locOrages}"
A5,B1,B4,,,"Freezing precipitation, and thunderstorms, with risk of hail {locOrages}"
A5,B1,B5,,,"Freezing precipitation, and sometimes violent storms {locOrages}"
A5,B2,B3,,,Thunderstorm Blitz {locOrages}
A5,B2,B4,,,Thundery hail hazards {locOrages}
A5,B2,B5,,,"Stormy, sometimes violent weather {locOrages}"
A5,B3,B4,,,"Thunderstorms, and showers with hail {locOrages}"
A5,B3,B5,,,"Thunderstorms, sometimes violent and with hail {locOrages}"
A5,B4,B5,,,"Thunderstorms, sometimes violent and with hail {locOrages}"
B1,B2,B3,,,Freezing and hovered precipitation {locOrages}
B1,B2,B4,,,"Freezing precipitation, sleet showers and hailstorms {locOrages}"
B1,B2,B5,,,"Freezing precipitation, snowfall and heavy thunderstorms {locOrages}"
B1,B3,B4,,,"Freezing precipitation, showers and hailstorms {locOrages}"
B1,B3,B5,,,"Freezing precipitation, hail showers and heavy thunderstorms {locOrages}"
B1,B4,B5,,,"Freezing precipitation, and heavy thunderstorms with hail {locOrages}"
B2,B3,B4,,,Thunderstorms with hail and sleet {locOrages}
B2,B3,B5,,,"Thunderstorms, sometimes violent and hail {locOrages}"
B2,B4,B5,,,"Thunderstorms, sometimes violent and hail {locOrages}"
B3,B4,B5,,,"Thunderstorms, sometimes violent with hail {locOrages}"
A1,A2,A3,A4,,"Weather disturbed, precipitation, sometimes snowy {locNeige}"
A1,A2,A3,A5,,"Weather disturbance, storms {locOrages}, precipitation, sometimes snowy {locNeige}"
A1,A2,A4,A5,,"Weather disturbance, storms {locOrages}, precipitation, sometimes snowy {locNeige}"
A1,A3,A4,A5,,"Weather disturbance, storms {locOrages}, precipitation, sometimes snowy {locNeige}"
A1,A3,B3,B4,,"Rainy, sometimes stormy and with risk of hail {locOrages}"
A2,A3,A4,A5,,"Weather disturbance, storms {locOrages}, precipitation, sometimes snowy {locNeige}"
B1,B2,B3,B4,,"Freezing, Heave and Thunderstorms with hail {locOrages}"
B1,B2,B3,B5,,"Freezing, Stinging and Heavy Thunderstorms {locOrages}"
B1,B2,B4,B5,,"Freezing, Stinging and Heavy Thunderstorms {locOrages}"
B2,B3,B4,B5,,Heavy thunderstorms with hail and sleet {locOrages}
A1,A2,A3,A4,A5,"Weather disturbed with thunderstorms {locOrages}, and precipitation, sometimes snowy {locNeige}"
B1,B2,B3,B4,B5,"Freezing precipitation, heavy thunderstorms with hail and sleet {locOrages}"
