Property,Type,Units,Description,URL
DfH0#Gaussian#{model},float,kJ/mol,The {model} standard enthalpy of formation,https://en.wikipedia.org/wiki/Standard_enthalpy_of_formation
dipole moment vector#Gaussian#{model},json,D,The {model} electric dipole moment vector.,https://en.wikipedia.org/wiki/Electric_dipole_moment
dipole moment#Gaussian#{model},float,D,"The {model} electric dipole moment, which is the magnitude of the dipole vector.",https://en.wikipedia.org/wiki/Electric_dipole_moment
E(0 K)#Gaussian#{model},float,E_h,"The {model} energy at 0K, E(0 K).",
E#Gaussian#{model},float,E_h,"The {model} energy, E.",
H#Gaussian#{model},float,E_h,"The {model} enthalpy, H.",
G#Gaussian#{model},float,E_h,"The {model} free energy, G.",
HOMO energy#Gaussian#{model},float,eV,The {model} energy of the highest occupied molecular orbital (HOMO),https://en.wikipedia.org/wiki/HOMO_and_LUMO
LUMO energy#Gaussian#{model},float,eV,The {model} energy of the lowest unoccupied molecular orbital (LUMO),https://en.wikipedia.org/wiki/HOMO_and_LUMO
P#Gaussian#{model},float,atm,The {model} pressure.,
T#Gaussian#{model},float,K,The {model} temperature.,
total energy#Gaussian#{model},float,E_h,The {model} total energy (electronic + nuclear).,
ZPE#Gaussian#{model},float,kJ/mol,"The {model} zero-point energy, ZPE.",
DfE0#Gaussian#{model},float,kJ/mol,The {model} standard energy of formation,
S#Gaussian#{model},float,J/mol/K,"The {model} entropy, S.",
transition state frequency#Gaussian#{model},float,cm^-1,The {model} transition state frequency for a reaction,
number of saddle modes#Gaussian#{model},integer,,The {model} number of saddle (imaginary) vibrational modes,
gradients#Gaussian#{model},json,E_h/Å,The {model} gradients,
force constants#Gaussian#{model},json,kcal/mol/Å^2,The {model} force constants,
E scf#Gaussian#{model},float,E_h,The  SCF energy from {model},
E ccsd_t#Gaussian#{model},float,E_h,The CCSD(T) energy from {model},
E cc#Gaussian#{model},float,E_h,The CCD or CCSD energy from {model},
E qcisd_t#Gaussian#{model},float,E_h,The QCISD(T) energy from {model},
E _qcisd#Gaussian#{model},float,E_h,The QCIDS energy from {model},
E mp2#Gaussian#{model},float,E_h,The MP2 energy from {model},
E mp3#Gaussian#{model},float,E_h,The MP3energy from {model},
E mp4#Gaussian#{model},float,E_h,The MP4 energy from {model},
E mp4dq#Gaussian#{model},float,E_h,The MP4dq energy from {model},
E mp4sdq#Gaussian#{model},float,E_h,The MP4SDQ energy from {model},
E mp5#Gaussian#{model},float,E_h,The MP5 energy from {model},
symmetry group#Gaussian#{model},str,,The symmetry group of the system from {model},
virial ratio#Gaussian#{model},float,,The virial ratio from {model},
N electrons#Gaussian#{model},int,,The total number of electrons from {model},
N alpha electrons#Gaussian#{model},int,,The number of alpha electrons from {model},
N beta electrons#Gaussian#{model},int,,The number of beta electrons from {model},
E alpha gap#Gaussian#{model},float,eV,The alpha gap from {model},
E alpha homo#Gaussian#{model},float,eV,The energy of the alpha HOMO from {model},
E alpha nhomo#Gaussian#{model},float,eV,The energy of the alpha NHOMO from {model},
E alpha lumo#Gaussian#{model},float,eV,The energy of the alpha LUMO from {model},
E alpha slumo#Gaussian#{model},float,eV,The energy of the alpha SLUMO from {model},
alpha HOMO symmetry#Gaussian#{model},str,,The symmetry of the alpha HOMO from {model},
alpha NHOMO symmetry#Gaussian#{model},str,,The symmetry of the alpha NHOMO from {model},
alpha LUMO symmetry#Gaussian#{model},str,,The symmetry of the alpha LUMO from {model},
alpha SLUMO symmetry#Gaussian#{model},str,,The symmetry of the alpha SLUMO from {model},
E beta gap#Gaussian#{model},float,eV,The beta gap from {model},
E beta homo#Gaussian#{model},float,eV,The energy of the beta HOMO from {model},
E beta nhomo#Gaussian#{model},float,eV,The energy of the beta NHOMO from {model},
E beta lumo#Gaussian#{model},float,eV,The energy of the beta LUMO from {model},
E beta slumo#Gaussian#{model},float,eV,The energy of the beta SLUMO from {model},
beta HOMO symmetry#Gaussian#{model},str,,The symmetry of the beta HOMO from {model},
beta NHOMO symmetry#Gaussian#{model},str,,The symmetry of the beta NHOMO from {model},
beta LUMO symmetry#Gaussian#{model},str,,The symmetry of the beta LUMO from {model},
beta SLUMO symmetry#Gaussian#{model},str,,The symmetry of the beta SLUMO from {model},
multipole reference point#Gaussian#{model},json,Å,The reference point for the multipole expansion from {model},
dipole moment vector#Gaussian#{model},json,debye,The dipole moment from {model},
dipole moment#Gaussian#{model},float,debye,The dipole moment vector from {model},
dipole derivatives#Gaussian#{model},json,debye/Å,The dipole moment derivatives from {model},
quadrupole moment#Gaussian#{model},json,debye*Å,The quadrupole moments from {model},
octapole moment#Gaussian#{model},json,debye*Å^2,The octapole moments from {model},
hexadecapole moment#Gaussian#{model},json,debye*Å^3,The hexadecapole moments from {model},
polarizability#Gaussian#{model},json,a_0^3,The polarizability from {model},
polarizability derivatives#Gaussian#{model},json,a_0^2,The derivatives of the polarizability from {model},
hyperpolarizability#Gaussian#{model},json,a_0^5/e,The hyperpolarizability from {model},
NBF#Gaussian#{model},int,,The number of basis functions for {model},
NMO#Gaussian#{model},int,,The number of molecular orbitals for {model},
N steps optimization#Gaussian#{model},int,,The number of optimization steps for {model},
Mulliken charges#Gaussian#{model},json,e,The Mulliken charges of the atoms from {model},
atomic polar tensor charges#Gaussian#{model},json,,The atomic polar tensor charges from {model},
atomic masses#Gaussian#{model},json,Da,The atomic masses for {model},
MO energies#Gaussian#{model},json,eV,The orbital energies from {model},
MO symmetries#Gaussian#{model},json,,The symmetry of the orbitals from {model},
vibrational frequencies#Gaussian#{model},json,1/cm,The vibrational frequencies from {model},
vibrational IR intensities#Gaussian#{model},json,km/mol,The IR intensities from {model},
vibrational Raman intensities#Gaussian#{model},json,Å^4/Da,The Raman intensities from {model},
vibrational symmetries#Gaussian#{model},json,,The symmetries of the vibrations for {model},
